{
  "poi_input": "baoding\\保定数据\\POI_保定.shp",
  "restaurant_input": "baoding\\保定数据\\大众点评餐馆_保定.shp",
  "graph_file": "outputs_pipeline_aligned\\00_graph\\baoding_aligned.graphml",
  "poi_raw_crs": "EPSG:4326",
  "road_crs": "EPSG:32650",
  "poi_raw_bounds": {
    "minx": 113.79220100027601,
    "miny": 38.252046000022915,
    "maxx": 116.29728100021805,
    "maxy": 39.90832500029859
  },
  "road_bounds": {
    "minx": 358470.91731994867,
    "miny": 4295503.3815561775,
    "maxx": 379549.0380536963,
    "maxy": 4312484.506589444
  },
  "best_transform": "gcj02_to_wgs84",
  "base_score": {
    "transform": "base_declared_epsg4326",
    "n_points_after_bbox": 3659,
    "n_points_scored": 3659,
    "mean_dist_to_road_m": 37.368480658356965,
    "median_dist_to_road_m": 13.368820770851539,
    "p75_dist_to_road_m": 30.15011534582048,
    "p90_dist_to_road_m": 68.27968757711962,
    "p95_dist_to_road_m": 110.44946612656904,
    "p99_dist_to_road_m": 654.2022772627904,
    "share_within_10m": 0.41268106039901614,
    "share_within_20m": 0.6381525006832468,
    "share_within_30m": 0.7493850778901339,
    "share_within_50m": 0.8570647717955726,
    "share_within_80m": 0.919376878928669,
    "share_within_120m": 0.9551790106586499,
    "median_dx_point_to_road_m": 0.03725263106753118,
    "median_dy_point_to_road_m": 0.005772682838141918
  },
  "best_score": {
    "transform": "gcj02_to_wgs84",
    "n_points_after_bbox": 3654,
    "n_points_scored": 3654,
    "mean_dist_to_road_m": 27.795194483235818,
    "median_dist_to_road_m": 9.199729630929664,
    "p75_dist_to_road_m": 15.777044316239056,
    "p90_dist_to_road_m": 25.94008720463752,
    "p95_dist_to_road_m": 45.83843358742243,
    "p99_dist_to_road_m": 753.43200333293,
    "share_within_10m": 0.543240284619595,
    "share_within_20m": 0.837712096332786,
    "share_within_30m": 0.9198139025725233,
    "share_within_50m": 0.9532019704433498,
    "share_within_80m": 0.9674329501915708,
    "share_within_120m": 0.9737274220032841,
    "median_dx_point_to_road_m": 0.014383175381226465,
    "median_dy_point_to_road_m": -0.0009772428311407566
  },
  "median_improvement_vs_base_m": 4.169091139921875,
  "score_csv": "outputs_poi_road_crs_diagnosis\\poi_transform_road_distance_scores.csv",
  "point_sample_csv": "outputs_poi_road_crs_diagnosis\\poi_nearest_road_sample.csv",
  "diagnostic_figure": "outputs_poi_road_crs_diagnosis\\poi_transform_road_diagnosis.png",
  "corrected_poi_gpkg": "outputs_poi_road_crs_diagnosis\\POI_保定_corrected_to_road.gpkg",
  "corrected_poi_shp": "outputs_poi_road_crs_diagnosis\\POI_保定_corrected_to_road.shp"
}